estado,situacao,votos,eleicao,ano,turno
Rondônia,ABSTENÇÃO,140159, Nulos e brancos 1989 Turno 1,1989,1
Acre,ABSTENÇÃO,42488, Nulos e brancos 1989 Turno 1,1989,1
Amazonas,ABSTENÇÃO,215431, Nulos e brancos 1989 Turno 1,1989,1
Roraima,ABSTENÇÃO,16956, Nulos e brancos 1989 Turno 1,1989,1
Pará,ABSTENÇÃO,559053, Nulos e brancos 1989 Turno 1,1989,1
Amapá,ABSTENÇÃO,26207, Nulos e brancos 1989 Turno 1,1989,1
Tocantins,ABSTENÇÃO,146159, Nulos e brancos 1989 Turno 1,1989,1
Maranhão,ABSTENÇÃO,678071, Nulos e brancos 1989 Turno 1,1989,1
Piauí,ABSTENÇÃO,259703, Nulos e brancos 1989 Turno 1,1989,1
Ceará,ABSTENÇÃO,540435, Nulos e brancos 1989 Turno 1,1989,1
R. G. do Norte,ABSTENÇÃO,179334, Nulos e brancos 1989 Turno 1,1989,1
Paraíba,ABSTENÇÃO,289537, Nulos e brancos 1989 Turno 1,1989,1
Pernambuco,ABSTENÇÃO,553572, Nulos e brancos 1989 Turno 1,1989,1
Alagoas,ABSTENÇÃO,242994, Nulos e brancos 1989 Turno 1,1989,1
Sergipe,ABSTENÇÃO,101011, Nulos e brancos 1989 Turno 1,1989,1
Bahia,ABSTENÇÃO,1182664, Nulos e brancos 1989 Turno 1,1989,1
Minas Gerais,ABSTENÇÃO,1033718, Nulos e brancos 1989 Turno 1,1989,1
Espírito Santo,ABSTENÇÃO,136287, Nulos e brancos 1989 Turno 1,1989,1
Rio de Janeiro,ABSTENÇÃO,555543, Nulos e brancos 1989 Turno 1,1989,1
São Paulo,ABSTENÇÃO,1057720, Nulos e brancos 1989 Turno 1,1989,1
Paraná,ABSTENÇÃO,526531, Nulos e brancos 1989 Turno 1,1989,1
Santa Catarina,ABSTENÇÃO,206503, Nulos e brancos 1989 Turno 1,1989,1
R. G. do Sul,ABSTENÇÃO,337488, Nulos e brancos 1989 Turno 1,1989,1
M. G. do Sul,ABSTENÇÃO,138741, Nulos e brancos 1989 Turno 1,1989,1
Mato Grosso,ABSTENÇÃO,233848, Nulos e brancos 1989 Turno 1,1989,1
Goiás,ABSTENÇÃO,304086, Nulos e brancos 1989 Turno 1,1989,1
Distrito Federal,ABSTENÇÃO,74579, Nulos e brancos 1989 Turno 1,1989,1
Rondônia,VOTOS EM BRANCO,6808, Nulos e brancos 1989 Turno 1,1989,1
Acre,VOTOS EM BRANCO,2673, Nulos e brancos 1989 Turno 1,1989,1
Amazonas,VOTOS EM BRANCO,9151, Nulos e brancos 1989 Turno 1,1989,1
Roraima,VOTOS EM BRANCO,676, Nulos e brancos 1989 Turno 1,1989,1
Pará,VOTOS EM BRANCO,29294, Nulos e brancos 1989 Turno 1,1989,1
Amapá,VOTOS EM BRANCO,1072, Nulos e brancos 1989 Turno 1,1989,1
Tocantins,VOTOS EM BRANCO,7609, Nulos e brancos 1989 Turno 1,1989,1
Maranhão,VOTOS EM BRANCO,50278, Nulos e brancos 1989 Turno 1,1989,1
Piauí,VOTOS EM BRANCO,31713, Nulos e brancos 1989 Turno 1,1989,1
Ceará,VOTOS EM BRANCO,55448, Nulos e brancos 1989 Turno 1,1989,1
R. G. do Norte,VOTOS EM BRANCO,27453, Nulos e brancos 1989 Turno 1,1989,1
Paraíba,VOTOS EM BRANCO,41684, Nulos e brancos 1989 Turno 1,1989,1
Pernambuco,VOTOS EM BRANCO,97269, Nulos e brancos 1989 Turno 1,1989,1
Alagoas,VOTOS EM BRANCO,27486, Nulos e brancos 1989 Turno 1,1989,1
Sergipe,VOTOS EM BRANCO,17953, Nulos e brancos 1989 Turno 1,1989,1
Bahia,VOTOS EM BRANCO,162443, Nulos e brancos 1989 Turno 1,1989,1
Minas Gerais,VOTOS EM BRANCO,176072, Nulos e brancos 1989 Turno 1,1989,1
Espírito Santo,VOTOS EM BRANCO,20373, Nulos e brancos 1989 Turno 1,1989,1
Rio de Janeiro,VOTOS EM BRANCO,53242, Nulos e brancos 1989 Turno 1,1989,1
São Paulo,VOTOS EM BRANCO,156621, Nulos e brancos 1989 Turno 1,1989,1
Paraná,VOTOS EM BRANCO,53297, Nulos e brancos 1989 Turno 1,1989,1
Santa Catarina,VOTOS EM BRANCO,26354, Nulos e brancos 1989 Turno 1,1989,1
R. G. do Sul,VOTOS EM BRANCO,57522, Nulos e brancos 1989 Turno 1,1989,1
M. G. do Sul,VOTOS EM BRANCO,13218, Nulos e brancos 1989 Turno 1,1989,1
Mato Grosso,VOTOS EM BRANCO,14819, Nulos e brancos 1989 Turno 1,1989,1
Goiás,VOTOS EM BRANCO,31148, Nulos e brancos 1989 Turno 1,1989,1
Distrito Federal,VOTOS EM BRANCO,4580, Nulos e brancos 1989 Turno 1,1989,1
Rondônia,VOTOS NULOS,24080, Nulos e brancos 1989 Turno 1,1989,1
Acre,VOTOS NULOS,9626, Nulos e brancos 1989 Turno 1,1989,1
Amazonas,VOTOS NULOS,21632, Nulos e brancos 1989 Turno 1,1989,1
Roraima,VOTOS NULOS,1572, Nulos e brancos 1989 Turno 1,1989,1
Pará,VOTOS NULOS,73179, Nulos e brancos 1989 Turno 1,1989,1
Amapá,VOTOS NULOS,3594, Nulos e brancos 1989 Turno 1,1989,1
Tocantins,VOTOS NULOS,21292, Nulos e brancos 1989 Turno 1,1989,1
Maranhão,VOTOS NULOS,116741, Nulos e brancos 1989 Turno 1,1989,1
Piauí,VOTOS NULOS,77794, Nulos e brancos 1989 Turno 1,1989,1
Ceará,VOTOS NULOS,153867, Nulos e brancos 1989 Turno 1,1989,1
R. G. do Norte,VOTOS NULOS,111817, Nulos e brancos 1989 Turno 1,1989,1
Paraíba,VOTOS NULOS,125005, Nulos e brancos 1989 Turno 1,1989,1
Pernambuco,VOTOS NULOS,286474, Nulos e brancos 1989 Turno 1,1989,1
Alagoas,VOTOS NULOS,78847, Nulos e brancos 1989 Turno 1,1989,1
Sergipe,VOTOS NULOS,63228, Nulos e brancos 1989 Turno 1,1989,1
Bahia,VOTOS NULOS,497679, Nulos e brancos 1989 Turno 1,1989,1
Minas Gerais,VOTOS NULOS,466421, Nulos e brancos 1989 Turno 1,1989,1
Espírito Santo,VOTOS NULOS,67529, Nulos e brancos 1989 Turno 1,1989,1
Rio de Janeiro,VOTOS NULOS,186259, Nulos e brancos 1989 Turno 1,1989,1
São Paulo,VOTOS NULOS,545295, Nulos e brancos 1989 Turno 1,1989,1
Paraná,VOTOS NULOS,188574, Nulos e brancos 1989 Turno 1,1989,1
Santa Catarina,VOTOS NULOS,85997, Nulos e brancos 1989 Turno 1,1989,1
R. G. do Sul,VOTOS NULOS,98262, Nulos e brancos 1989 Turno 1,1989,1
M. G. do Sul,VOTOS NULOS,30110, Nulos e brancos 1989 Turno 1,1989,1
Mato Grosso,VOTOS NULOS,39030, Nulos e brancos 1989 Turno 1,1989,1
Goiás,VOTOS NULOS,95220, Nulos e brancos 1989 Turno 1,1989,1
Distrito Federal,VOTOS NULOS,18691, Nulos e brancos 1989 Turno 1,1989,1
Rondônia,Fernando Collor,165607,Presidente,1989,1
Acre,Fernando Collor,49862,Presidente,1989,1
Amazonas,Fernando Collor,300848,Presidente,1989,1
Roraima,Fernando Collor,32130,Presidente,1989,1
Pará,Fernando Collor,793384,Presidente,1989,1
Amapá,Fernando Collor,42255,Presidente,1989,1
Tocantins,Fernando Collor,164964,Presidente,1989,1
Maranhão,Fernando Collor,609758,Presidente,1989,1
Piauí,Fernando Collor,383632,Presidente,1989,1
Ceará,Fernando Collor,861030,Presidente,1989,1
R. G. do Norte,Fernando Collor,326878,Presidente,1989,1
Paraíba,Fernando Collor,457129,Presidente,1989,1
Pernambuco,Fernando Collor,1066986,Presidente,1989,1
Alagoas,Fernando Collor,554612,Presidente,1989,1
Sergipe,Fernando Collor,301730,Presidente,1989,1
Bahia,Fernando Collor,1408614,Presidente,1989,1
Minas Gerais,Fernando Collor,2801422,Presidente,1989,1
Espírito Santo,Fernando Collor,468910,Presidente,1989,1
Rio de Janeiro,Fernando Collor,1189385,Presidente,1989,1
São Paulo,Fernando Collor,4085223,Presidente,1989,1
Paraná,Fernando Collor,1738216,Presidente,1989,1
Santa Catarina,Fernando Collor,566990,Presidente,1989,1
R. G. do Sul,Fernando Collor,480842,Presidente,1989,1
M. G. do Sul,Fernando Collor,436539,Presidente,1989,1
Mato Grosso,Fernando Collor,344973,Presidente,1989,1
Goiás,Fernando Collor,803199,Presidente,1989,1
Distrito Federal,Fernando Collor,172818,Presidente,1989,1
Acre,ABSTENÇÃO,56769,Nulos e Brancos 1994 Turno 1,1994,1
Amazonas,ABSTENÇÃO,306465,Nulos e Brancos 1994 Turno 1,1994,1
Roraima,ABSTENÇÃO,25986,Nulos e Brancos 1994 Turno 1,1994,1
Pará,ABSTENÇÃO,914818,Nulos e Brancos 1994 Turno 1,1994,1
Amapá,ABSTENÇÃO,54545,Nulos e Brancos 1994 Turno 1,1994,1
Tocantins,ABSTENÇÃO,204873,Nulos e Brancos 1994 Turno 1,1994,1
Maranhão,ABSTENÇÃO,798266,Nulos e Brancos 1994 Turno 1,1994,1
Piauí,ABSTENÇÃO,363008,Nulos e Brancos 1994 Turno 1,1994,1
Ceará,ABSTENÇÃO,881748,Nulos e Brancos 1994 Turno 1,1994,1
R. G. do Norte,ABSTENÇÃO,236988,Nulos e Brancos 1994 Turno 1,1994,1
Paraíba,ABSTENÇÃO,471857,Nulos e Brancos 1994 Turno 1,1994,1
Pernambuco,ABSTENÇÃO,943966,Nulos e Brancos 1994 Turno 1,1994,1
Alagoas,ABSTENÇÃO,177923,Nulos e Brancos 1994 Turno 1,1994,1
Sergipe,ABSTENÇÃO,163619,Nulos e Brancos 1994 Turno 1,1994,1
Bahia,ABSTENÇÃO,1875244,Nulos e Brancos 1994 Turno 1,1994,1
Minas Gerais,ABSTENÇÃO,1722478,Nulos e Brancos 1994 Turno 1,1994,1
Espírito Santo,ABSTENÇÃO,294919,Nulos e Brancos 1994 Turno 1,1994,1
Rio de Janeiro,ABSTENÇÃO,1385814,Nulos e Brancos 1994 Turno 1,1994,1
São Paulo,ABSTENÇÃO,2361743,Nulos e Brancos 1994 Turno 1,1994,1
Paraná,ABSTENÇÃO,1002593,Nulos e Brancos 1994 Turno 1,1994,1
Santa Catarina,ABSTENÇÃO,416859,Nulos e Brancos 1994 Turno 1,1994,1
R. G. do Sul,ABSTENÇÃO,746740,Nulos e Brancos 1994 Turno 1,1994,1
M. G. do Sul,ABSTENÇÃO,213895,Nulos e Brancos 1994 Turno 1,1994,1
Mato Grosso,ABSTENÇÃO,342260,Nulos e Brancos 1994 Turno 1,1994,1
Goiás,ABSTENÇÃO,500218,Nulos e Brancos 1994 Turno 1,1994,1
Distrito Federal,ABSTENÇÃO,147069,Nulos e Brancos 1994 Turno 1,1994,1
Rondônia,VOTOS EM BRANCO,41357,Nulos e Brancos 1994 Turno 1,1994,1
Acre,VOTOS EM BRANCO,23843,Nulos e Brancos 1994 Turno 1,1994,1
Amazonas,VOTOS EM BRANCO,47272,Nulos e Brancos 1994 Turno 1,1994,1
Roraima,VOTOS EM BRANCO,4112,Nulos e Brancos 1994 Turno 1,1994,1
Pará,VOTOS EM BRANCO,220796,Nulos e Brancos 1994 Turno 1,1994,1
Amapá,VOTOS EM BRANCO,6777,Nulos e Brancos 1994 Turno 1,1994,1
Tocantins,VOTOS EM BRANCO,50943,Nulos e Brancos 1994 Turno 1,1994,1
Maranhão,VOTOS EM BRANCO,349663,Nulos e Brancos 1994 Turno 1,1994,1
Piauí,VOTOS EM BRANCO,147630,Nulos e Brancos 1994 Turno 1,1994,1
Ceará,VOTOS EM BRANCO,401514,Nulos e Brancos 1994 Turno 1,1994,1
R. G. do Norte,VOTOS EM BRANCO,171304,Nulos e Brancos 1994 Turno 1,1994,1
Paraíba,VOTOS EM BRANCO,219564,Nulos e Brancos 1994 Turno 1,1994,1
Pernambuco,VOTOS EM BRANCO,475211,Nulos e Brancos 1994 Turno 1,1994,1
Alagoas,VOTOS EM BRANCO,130622,Nulos e Brancos 1994 Turno 1,1994,1
Sergipe,VOTOS EM BRANCO,94294,Nulos e Brancos 1994 Turno 1,1994,1
Bahia,VOTOS EM BRANCO,717319,Nulos e Brancos 1994 Turno 1,1994,1
Minas Gerais,VOTOS EM BRANCO,958568,Nulos e Brancos 1994 Turno 1,1994,1
Espírito Santo,VOTOS EM BRANCO,113816,Nulos e Brancos 1994 Turno 1,1994,1
Rio de Janeiro,VOTOS EM BRANCO,474505,Nulos e Brancos 1994 Turno 1,1994,1
São Paulo,VOTOS EM BRANCO,1087432,Nulos e Brancos 1994 Turno 1,1994,1
Paraná,VOTOS EM BRANCO,459499,Nulos e Brancos 1994 Turno 1,1994,1
Santa Catarina,VOTOS EM BRANCO,189151,Nulos e Brancos 1994 Turno 1,1994,1
R. G. do Sul,VOTOS EM BRANCO,436171,Nulos e Brancos 1994 Turno 1,1994,1
M. G. do Sul,VOTOS EM BRANCO,64704,Nulos e Brancos 1994 Turno 1,1994,1
Mato Grosso,VOTOS EM BRANCO,69570,Nulos e Brancos 1994 Turno 1,1994,1
Goiás,VOTOS EM BRANCO,199622,Nulos e Brancos 1994 Turno 1,1994,1
Distrito Federal,VOTOS EM BRANCO,36597,Nulos e Brancos 1994 Turno 1,1994,1
Rondônia,VOTOS NULOS,29501,Nulos e Brancos 1994 Turno 1,1994,1
Acre,VOTOS NULOS,15665,Nulos e Brancos 1994 Turno 1,1994,1
Amazonas,VOTOS NULOS,58428,Nulos e Brancos 1994 Turno 1,1994,1
Roraima,VOTOS NULOS,5076,Nulos e Brancos 1994 Turno 1,1994,1
Pará,VOTOS NULOS,162565,Nulos e Brancos 1994 Turno 1,1994,1
Amapá,VOTOS NULOS,6597,Nulos e Brancos 1994 Turno 1,1994,1
Tocantins,VOTOS NULOS,47244,Nulos e Brancos 1994 Turno 1,1994,1
Maranhão,VOTOS NULOS,205801,Nulos e Brancos 1994 Turno 1,1994,1
Piauí,VOTOS NULOS,195599,Nulos e Brancos 1994 Turno 1,1994,1
Ceará,VOTOS NULOS,242858,Nulos e Brancos 1994 Turno 1,1994,1
R. G. do Norte,VOTOS NULOS,139187,Nulos e Brancos 1994 Turno 1,1994,1
Paraíba,VOTOS NULOS,191677,Nulos e Brancos 1994 Turno 1,1994,1
Pernambuco,VOTOS NULOS,481100,Nulos e Brancos 1994 Turno 1,1994,1
Alagoas,VOTOS NULOS,159280,Nulos e Brancos 1994 Turno 1,1994,1
Sergipe,VOTOS NULOS,112291,Nulos e Brancos 1994 Turno 1,1994,1
Bahia,VOTOS NULOS,715171,Nulos e Brancos 1994 Turno 1,1994,1
Minas Gerais,VOTOS NULOS,879846,Nulos e Brancos 1994 Turno 1,1994,1
Espírito Santo,VOTOS NULOS,111172,Nulos e Brancos 1994 Turno 1,1994,1
Rio de Janeiro,VOTOS NULOS,692746,Nulos e Brancos 1994 Turno 1,1994,1
São Paulo,VOTOS NULOS,1755493,Nulos e Brancos 1994 Turno 1,1994,1
Paraná,VOTOS NULOS,335755,Nulos e Brancos 1994 Turno 1,1994,1
Santa Catarina,VOTOS NULOS,174867,Nulos e Brancos 1994 Turno 1,1994,1
R. G. do Sul,VOTOS NULOS,302650,Nulos e Brancos 1994 Turno 1,1994,1
M. G. do Sul,VOTOS NULOS,76505,Nulos e Brancos 1994 Turno 1,1994,1
Mato Grosso,VOTOS NULOS,95799,Nulos e Brancos 1994 Turno 1,1994,1
Goiás,VOTOS NULOS,186128,Nulos e Brancos 1994 Turno 1,1994,1
Distrito Federal,VOTOS NULOS,64143,Nulos e Brancos 1994 Turno 1,1994,1
Rondônia,Fernando Henrique Cardoso PSDB (PFL-PTB),259418,Presidente,1994,1
Acre,Fernando Henrique Cardoso PSDB (PFL-PTB),90132,Presidente,1994,1
Amazonas,Fernando Henrique Cardoso PSDB (PFL-PTB),419742,Presidente,1994,1
Roraima,Fernando Henrique Cardoso PSDB (PFL-PTB),60693,Presidente,1994,1
Pará,Fernando Henrique Cardoso PSDB (PFL-PTB),809793,Presidente,1994,1
Amapá,Fernando Henrique Cardoso PSDB (PFL-PTB),76397,Presidente,1994,1
Tocantins,Fernando Henrique Cardoso PSDB (PFL-PTB),234699,Presidente,1994,1
Maranhão,Fernando Henrique Cardoso PSDB (PFL-PTB),785417,Presidente,1994,1
Piauí,Fernando Henrique Cardoso PSDB (PFL-PTB),476404,Presidente,1994,1
Ceará,Fernando Henrique Cardoso PSDB (PFL-PTB),1517698,Presidente,1994,1
R. G. do Norte,Fernando Henrique Cardoso PSDB (PFL-PTB),606681,Presidente,1994,1
Paraíba,Fernando Henrique Cardoso PSDB (PFL-PTB),761876,Presidente,1994,1
Pernambuco,Fernando Henrique Cardoso PSDB (PFL-PTB),1381756,Presidente,1994,1
Alagoas,Fernando Henrique Cardoso PSDB (PFL-PTB),525036,Presidente,1994,1
Sergipe,Fernando Henrique Cardoso PSDB (PFL-PTB),270984,Presidente,1994,1
Bahia,Fernando Henrique Cardoso PSDB (PFL-PTB),1951179,Presidente,1994,1
Minas Gerais,Fernando Henrique Cardoso PSDB (PFL-PTB),4536780,Presidente,1994,1
Espírito Santo,Fernando Henrique Cardoso PSDB (PFL-PTB),714958,Presidente,1994,1
Rio de Janeiro,Fernando Henrique Cardoso PSDB (PFL-PTB),3102664,Presidente,1994,1
São Paulo,Fernando Henrique Cardoso PSDB (PFL-PTB),8679287,Presidente,1994,1
Paraná,Fernando Henrique Cardoso PSDB (PFL-PTB),2382093,Presidente,1994,1
Santa Catarina,Fernando Henrique Cardoso PSDB (PFL-PTB),789001,Presidente,1994,1
R. G. do Sul,Fernando Henrique Cardoso PSDB (PFL-PTB),1422390,Presidente,1994,1
M. G. do Sul,Fernando Henrique Cardoso PSDB (PFL-PTB),512527,Presidente,1994,1
Mato Grosso,Fernando Henrique Cardoso PSDB (PFL-PTB),495956,Presidente,1994,1
Goiás,Fernando Henrique Cardoso PSDB (PFL-PTB),1171550,Presidente,1994,1
Distrito Federal,Fernando Henrique Cardoso PSDB (PFL-PTB),315106,Presidente,1994,1
Rondônia,ABSTENÇÃO,250775,Nulos e Brancos 1998 Turno 1,1998,1
Acre,ABSTENÇÃO,79357,Nulos e Brancos 1998 Turno 1,1998,1
Amazonas,ABSTENÇÃO,398436,Nulos e Brancos 1998 Turno 1,1998,1
Roraima,ABSTENÇÃO,36897,Nulos e Brancos 1998 Turno 1,1998,1
Pará,ABSTENÇÃO,1073095,Nulos e Brancos 1998 Turno 1,1998,1
Amapá,ABSTENÇÃO,28941,Nulos e Brancos 1998 Turno 1,1998,1
Tocantins,ABSTENÇÃO,125466,Nulos e Brancos 1998 Turno 1,1998,1
Maranhão,ABSTENÇÃO,927689,Nulos e Brancos 1998 Turno 1,1998,1
Piauí,ABSTENÇÃO,434557,Nulos e Brancos 1998 Turno 1,1998,1
Ceará,ABSTENÇÃO,1001071,Nulos e Brancos 1998 Turno 1,1998,1
R. G. do Norte,ABSTENÇÃO,329355,Nulos e Brancos 1998 Turno 1,1998,1
Paraíba,ABSTENÇÃO,547654,Nulos e Brancos 1998 Turno 1,1998,1
Pernambuco,ABSTENÇÃO,1309413,Nulos e Brancos 1998 Turno 1,1998,1
Alagoas,ABSTENÇÃO,390465,Nulos e Brancos 1998 Turno 1,1998,1
Sergipe,ABSTENÇÃO,234205,Nulos e Brancos 1998 Turno 1,1998,1
Bahia,ABSTENÇÃO,2525806,Nulos e Brancos 1998 Turno 1,1998,1
Minas Gerais,ABSTENÇÃO,2349275,Nulos e Brancos 1998 Turno 1,1998,1
Espírito Santo,ABSTENÇÃO,418119,Nulos e Brancos 1998 Turno 1,1998,1
Rio de Janeiro,ABSTENÇÃO,2018001,Nulos e Brancos 1998 Turno 1,1998,1
São Paulo,ABSTENÇÃO,3850497,Nulos e Brancos 1998 Turno 1,1998,1
Paraná,ABSTENÇÃO,1348511,Nulos e Brancos 1998 Turno 1,1998,1
Santa Catarina,ABSTENÇÃO,573108,Nulos e Brancos 1998 Turno 1,1998,1
R. G. do Sul,ABSTENÇÃO,1023119,Nulos e Brancos 1998 Turno 1,1998,1
M. G. do Sul,ABSTENÇÃO,259790,Nulos e Brancos 1998 Turno 1,1998,1
Mato Grosso,ABSTENÇÃO,439757,Nulos e Brancos 1998 Turno 1,1998,1
Goiás,ABSTENÇÃO,607401,Nulos e Brancos 1998 Turno 1,1998,1
Distrito Federal,ABSTENÇÃO,196417,Nulos e Brancos 1998 Turno 1,1998,1
Rondônia,VOTOS EM BRANCO,46365,Nulos e Brancos 1998 Turno 1,1998,1
Acre,VOTOS EM BRANCO,17538,Nulos e Brancos 1998 Turno 1,1998,1
Amazonas,VOTOS EM BRANCO,49378,Nulos e Brancos 1998 Turno 1,1998,1
Roraima,VOTOS EM BRANCO,2147,Nulos e Brancos 1998 Turno 1,1998,1
Pará,VOTOS EM BRANCO,150452,Nulos e Brancos 1998 Turno 1,1998,1
Amapá,VOTOS EM BRANCO,2397,Nulos e Brancos 1998 Turno 1,1998,1
Tocantins,VOTOS EM BRANCO,46295,Nulos e Brancos 1998 Turno 1,1998,1
Maranhão,VOTOS EM BRANCO,284601,Nulos e Brancos 1998 Turno 1,1998,1
Piauí,VOTOS EM BRANCO,186072,Nulos e Brancos 1998 Turno 1,1998,1
Ceará,VOTOS EM BRANCO,272975,Nulos e Brancos 1998 Turno 1,1998,1
R. G. do Norte,VOTOS EM BRANCO,205976,Nulos e Brancos 1998 Turno 1,1998,1
Paraíba,VOTOS EM BRANCO,221533,Nulos e Brancos 1998 Turno 1,1998,1
Pernambuco,VOTOS EM BRANCO,411066,Nulos e Brancos 1998 Turno 1,1998,1
Alagoas,VOTOS EM BRANCO,62821,Nulos e Brancos 1998 Turno 1,1998,1
Sergipe,VOTOS EM BRANCO,111518,Nulos e Brancos 1998 Turno 1,1998,1
Bahia,VOTOS EM BRANCO,767304,Nulos e Brancos 1998 Turno 1,1998,1
Minas Gerais,VOTOS EM BRANCO,893201,Nulos e Brancos 1998 Turno 1,1998,1
Espírito Santo,VOTOS EM BRANCO,104090,Nulos e Brancos 1998 Turno 1,1998,1
Rio de Janeiro,VOTOS EM BRANCO,263531,Nulos e Brancos 1998 Turno 1,1998,1
São Paulo,VOTOS EM BRANCO,1229016,Nulos e Brancos 1998 Turno 1,1998,1
Paraná,VOTOS EM BRANCO,362179,Nulos e Brancos 1998 Turno 1,1998,1
Santa Catarina,VOTOS EM BRANCO,190390,Nulos e Brancos 1998 Turno 1,1998,1
R. G. do Sul,VOTOS EM BRANCO,407055,Nulos e Brancos 1998 Turno 1,1998,1
M. G. do Sul,VOTOS EM BRANCO,57510,Nulos e Brancos 1998 Turno 1,1998,1
Mato Grosso,VOTOS EM BRANCO,88684,Nulos e Brancos 1998 Turno 1,1998,1
Goiás,VOTOS EM BRANCO,235201,Nulos e Brancos 1998 Turno 1,1998,1
Distrito Federal,VOTOS EM BRANCO,18944,Nulos e Brancos 1998 Turno 1,1998,1
Rondônia,VOTOS NULOS,51510,Nulos e Brancos 1998 Turno 1,1998,1
Acre,VOTOS NULOS,28979,Nulos e Brancos 1998 Turno 1,1998,1
Amazonas,VOTOS NULOS,93460,Nulos e Brancos 1998 Turno 1,1998,1
Roraima,VOTOS NULOS,15680,Nulos e Brancos 1998 Turno 1,1998,1
Pará,VOTOS NULOS,200393,Nulos e Brancos 1998 Turno 1,1998,1
Amapá,VOTOS NULOS,20633,Nulos e Brancos 1998 Turno 1,1998,1
Tocantins,VOTOS NULOS,54563,Nulos e Brancos 1998 Turno 1,1998,1
Maranhão,VOTOS NULOS,261234,Nulos e Brancos 1998 Turno 1,1998,1
Piauí,VOTOS NULOS,156887,Nulos e Brancos 1998 Turno 1,1998,1
Ceará,VOTOS NULOS,371781,Nulos e Brancos 1998 Turno 1,1998,1
R. G. do Norte,VOTOS NULOS,156863,Nulos e Brancos 1998 Turno 1,1998,1
Paraíba,VOTOS NULOS,258592,Nulos e Brancos 1998 Turno 1,1998,1
Pernambuco,VOTOS NULOS,537269,Nulos e Brancos 1998 Turno 1,1998,1
Alagoas,VOTOS NULOS,209661,Nulos e Brancos 1998 Turno 1,1998,1
Sergipe,VOTOS NULOS,107926,Nulos e Brancos 1998 Turno 1,1998,1
Bahia,VOTOS NULOS,754938,Nulos e Brancos 1998 Turno 1,1998,1
Minas Gerais,VOTOS NULOS,983910,Nulos e Brancos 1998 Turno 1,1998,1
Espírito Santo,VOTOS NULOS,136664,Nulos e Brancos 1998 Turno 1,1998,1
Rio de Janeiro,VOTOS NULOS,952910,Nulos e Brancos 1998 Turno 1,1998,1
São Paulo,VOTOS NULOS,1982703,Nulos e Brancos 1998 Turno 1,1998,1
Paraná,VOTOS NULOS,466612,Nulos e Brancos 1998 Turno 1,1998,1
Santa Catarina,VOTOS NULOS,213721,Nulos e Brancos 1998 Turno 1,1998,1
R. G. do Sul,VOTOS NULOS,398997,Nulos e Brancos 1998 Turno 1,1998,1
M. G. do Sul,VOTOS NULOS,89937,Nulos e Brancos 1998 Turno 1,1998,1
Mato Grosso,VOTOS NULOS,79957,Nulos e Brancos 1998 Turno 1,1998,1
Goiás,VOTOS NULOS,214929,Nulos e Brancos 1998 Turno 1,1998,1
Distrito Federal,VOTOS NULOS,85422,Nulos e Brancos 1998 Turno 1,1998,1
Rondônia,Luiz Inácio Lula da Silva PT (PDT-PSB-PCdoB),103927,Presidente,1998,1
Acre,Luiz Inácio Lula da Silva PT (PDT-PSB-PCdoB),59690,Presidente,1998,1
Amazonas,Luiz Inácio Lula da Silva PT (PDT-PSB-PCdoB),211507,Presidente,1998,1
Roraima,Luiz Inácio Lula da Silva PT (PDT-PSB-PCdoB),20601,Presidente,1998,1
Pará,Luiz Inácio Lula da Silva PT (PDT-PSB-PCdoB),530722,Presidente,1998,1
Amapá,Luiz Inácio Lula da Silva PT (PDT-PSB-PCdoB),62394,Presidente,1998,1
Tocantins,Luiz Inácio Lula da Silva PT (PDT-PSB-PCdoB),66607,Presidente,1998,1
Maranhão,Luiz Inácio Lula da Silva PT (PDT-PSB-PCdoB),444912,Presidente,1998,1
Piauí,Luiz Inácio Lula da Silva PT (PDT-PSB-PCdoB),270465,Presidente,1998,1
Ceará,Luiz Inácio Lula da Silva PT (PDT-PSB-PCdoB),872290,Presidente,1998,1
R. G. do Norte,Luiz Inácio Lula da Silva PT (PDT-PSB-PCdoB),267883,Presidente,1998,1
Paraíba,Luiz Inácio Lula da Silva PT (PDT-PSB-PCdoB),402293,Presidente,1998,1
Pernambuco,Luiz Inácio Lula da Silva PT (PDT-PSB-PCdoB),890971,Presidente,1998,1
Alagoas,Luiz Inácio Lula da Silva PT (PDT-PSB-PCdoB),161584,Presidente,1998,1
Sergipe,Luiz Inácio Lula da Silva PT (PDT-PSB-PCdoB),221565,Presidente,1998,1
Bahia,Luiz Inácio Lula da Silva PT (PDT-PSB-PCdoB),1372797,Presidente,1998,1
Minas Gerais,Luiz Inácio Lula da Silva PT (PDT-PSB-PCdoB),2129100,Presidente,1998,1
Espírito Santo,Luiz Inácio Lula da Silva PT (PDT-PSB-PCdoB),263636,Presidente,1998,1
Rio de Janeiro,Luiz Inácio Lula da Silva PT (PDT-PSB-PCdoB),2851274,Presidente,1998,1
São Paulo,Luiz Inácio Lula da Silva PT (PDT-PSB-PCdoB),4688677,Presidente,1998,1
Paraná,Luiz Inácio Lula da Silva PT (PDT-PSB-PCdoB),1168853,Presidente,1998,1
Santa Catarina,Luiz Inácio Lula da Silva PT (PDT-PSB-PCdoB),929698,Presidente,1998,1
R. G. do Sul,Luiz Inácio Lula da Silva PT (PDT-PSB-PCdoB),2460551,Presidente,1998,1
M. G. do Sul,Luiz Inácio Lula da Silva PT (PDT-PSB-PCdoB),210120,Presidente,1998,1
Mato Grosso,Luiz Inácio Lula da Silva PT (PDT-PSB-PCdoB),149462,Presidente,1998,1
Goiás,Luiz Inácio Lula da Silva PT (PDT-PSB-PCdoB),371175,Presidente,1998,1
Distrito Federal,Luiz Inácio Lula da Silva PT (PDT-PSB-PCdoB),287579,Presidente,1998,1
Rondônia,ABSTENÇÃO,189089,Nulos e Brancos 2002 Turno 1,2002,1
Acre,ABSTENÇÃO,79355,Nulos e Brancos 2002 Turno 1,2002,1
Amazonas,ABSTENÇÃO,332419,Nulos e Brancos 2002 Turno 1,2002,1
Roraima,ABSTENÇÃO,33313,Nulos e Brancos 2002 Turno 1,2002,1
Pará,ABSTENÇÃO,792338,Nulos e Brancos 2002 Turno 1,2002,1
Amapá,ABSTENÇÃO,42259,Nulos e Brancos 2002 Turno 1,2002,1
Tocantins,ABSTENÇÃO,161818,Nulos e Brancos 2002 Turno 1,2002,1
Maranhão,ABSTENÇÃO,812664,Nulos e Brancos 2002 Turno 1,2002,1
Piauí,ABSTENÇÃO,291650,Nulos e Brancos 2002 Turno 1,2002,1
Ceará,ABSTENÇÃO,945124,Nulos e Brancos 2002 Turno 1,2002,1
R. G. do Norte,ABSTENÇÃO,337515,Nulos e Brancos 2002 Turno 1,2002,1
Paraíba,ABSTENÇÃO,416560,Nulos e Brancos 2002 Turno 1,2002,1
Pernambuco,ABSTENÇÃO,1150439,Nulos e Brancos 2002 Turno 1,2002,1
Alagoas,ABSTENÇÃO,338597,Nulos e Brancos 2002 Turno 1,2002,1
Sergipe,ABSTENÇÃO,198744,Nulos e Brancos 2002 Turno 1,2002,1
Bahia,ABSTENÇÃO,2168773,Nulos e Brancos 2002 Turno 1,2002,1
Minas Gerais,ABSTENÇÃO,2166502,Nulos e Brancos 2002 Turno 1,2002,1
Espírito Santo,ABSTENÇÃO,378376,Nulos e Brancos 2002 Turno 1,2002,1
Rio de Janeiro,ABSTENÇÃO,1499735,Nulos e Brancos 2002 Turno 1,2002,1
São Paulo,ABSTENÇÃO,4087339,Nulos e Brancos 2002 Turno 1,2002,1
Paraná,ABSTENÇÃO,1078033,Nulos e Brancos 2002 Turno 1,2002,1
Santa Catarina,ABSTENÇÃO,516405,Nulos e Brancos 2002 Turno 1,2002,1
R. G. do Sul,ABSTENÇÃO,955150,Nulos e Brancos 2002 Turno 1,2002,1
M. G. do Sul,ABSTENÇÃO,254257,Nulos e Brancos 2002 Turno 1,2002,1
Mato Grosso,ABSTENÇÃO,384833,Nulos e Brancos 2002 Turno 1,2002,1
Goiás,ABSTENÇÃO,573047,Nulos e Brancos 2002 Turno 1,2002,1
Distrito Federal,ABSTENÇÃO,234334,Nulos e Brancos 2002 Turno 1,2002,1
Rondônia,VOTOS EM BRANCO,14473,Nulos e Brancos 2002 Turno 1,2002,1
Acre,VOTOS EM BRANCO,3968,Nulos e Brancos 2002 Turno 1,2002,1
Amazonas,VOTOS EM BRANCO,16124,Nulos e Brancos 2002 Turno 1,2002,1
Roraima,VOTOS EM BRANCO,1944,Nulos e Brancos 2002 Turno 1,2002,1
Pará,VOTOS EM BRANCO,53119,Nulos e Brancos 2002 Turno 1,2002,1
Amapá,VOTOS EM BRANCO,2017,Nulos e Brancos 2002 Turno 1,2002,1
Tocantins,VOTOS EM BRANCO,11637,Nulos e Brancos 2002 Turno 1,2002,1
Maranhão,VOTOS EM BRANCO,89385,Nulos e Brancos 2002 Turno 1,2002,1
Piauí,VOTOS EM BRANCO,40385,Nulos e Brancos 2002 Turno 1,2002,1
Ceará,VOTOS EM BRANCO,102111,Nulos e Brancos 2002 Turno 1,2002,1
R. G. do Norte,VOTOS EM BRANCO,59322,Nulos e Brancos 2002 Turno 1,2002,1
Paraíba,VOTOS EM BRANCO,83551,Nulos e Brancos 2002 Turno 1,2002,1
Pernambuco,VOTOS EM BRANCO,222637,Nulos e Brancos 2002 Turno 1,2002,1
Alagoas,VOTOS EM BRANCO,47296,Nulos e Brancos 2002 Turno 1,2002,1
Sergipe,VOTOS EM BRANCO,37003,Nulos e Brancos 2002 Turno 1,2002,1
Bahia,VOTOS EM BRANCO,216749,Nulos e Brancos 2002 Turno 1,2002,1
Minas Gerais,VOTOS EM BRANCO,369632,Nulos e Brancos 2002 Turno 1,2002,1
Espírito Santo,VOTOS EM BRANCO,50398,Nulos e Brancos 2002 Turno 1,2002,1
Rio de Janeiro,VOTOS EM BRANCO,160845,Nulos e Brancos 2002 Turno 1,2002,1
São Paulo,VOTOS EM BRANCO,717220,Nulos e Brancos 2002 Turno 1,2002,1
Paraná,VOTOS EM BRANCO,156028,Nulos e Brancos 2002 Turno 1,2002,1
Santa Catarina,VOTOS EM BRANCO,80032,Nulos e Brancos 2002 Turno 1,2002,1
R. G. do Sul,VOTOS EM BRANCO,204935,Nulos e Brancos 2002 Turno 1,2002,1
M. G. do Sul,VOTOS EM BRANCO,23218,Nulos e Brancos 2002 Turno 1,2002,1
Mato Grosso,VOTOS EM BRANCO,28842,Nulos e Brancos 2002 Turno 1,2002,1
Goiás,VOTOS EM BRANCO,62565,Nulos e Brancos 2002 Turno 1,2002,1
Distrito Federal,VOTOS EM BRANCO,17517,Nulos e Brancos 2002 Turno 1,2002,1
Rondônia,VOTOS NULOS,50012,Nulos e Brancos 2002 Turno 1,2002,1
Acre,VOTOS NULOS,21574,Nulos e Brancos 2002 Turno 1,2002,1
Amazonas,VOTOS NULOS,65142,Nulos e Brancos 2002 Turno 1,2002,1
Roraima,VOTOS NULOS,13250,Nulos e Brancos 2002 Turno 1,2002,1
Pará,VOTOS NULOS,191518,Nulos e Brancos 2002 Turno 1,2002,1
Amapá,VOTOS NULOS,12552,Nulos e Brancos 2002 Turno 1,2002,1
Tocantins,VOTOS NULOS,89275,Nulos e Brancos 2002 Turno 1,2002,1
Maranhão,VOTOS NULOS,426476,Nulos e Brancos 2002 Turno 1,2002,1
Piauí,VOTOS NULOS,200972,Nulos e Brancos 2002 Turno 1,2002,1
Ceará,VOTOS NULOS,319650,Nulos e Brancos 2002 Turno 1,2002,1
R. G. do Norte,VOTOS NULOS,189135,Nulos e Brancos 2002 Turno 1,2002,1
Paraíba,VOTOS NULOS,242757,Nulos e Brancos 2002 Turno 1,2002,1
Pernambuco,VOTOS NULOS,454269,Nulos e Brancos 2002 Turno 1,2002,1
Alagoas,VOTOS NULOS,138013,Nulos e Brancos 2002 Turno 1,2002,1
Sergipe,VOTOS NULOS,104555,Nulos e Brancos 2002 Turno 1,2002,1
Bahia,VOTOS NULOS,937516,Nulos e Brancos 2002 Turno 1,2002,1
Minas Gerais,VOTOS NULOS,731319,Nulos e Brancos 2002 Turno 1,2002,1
Espírito Santo,VOTOS NULOS,105655,Nulos e Brancos 2002 Turno 1,2002,1
Rio de Janeiro,VOTOS NULOS,376933,Nulos e Brancos 2002 Turno 1,2002,1
São Paulo,VOTOS NULOS,1101591,Nulos e Brancos 2002 Turno 1,2002,1
Paraná,VOTOS NULOS,362091,Nulos e Brancos 2002 Turno 1,2002,1
Santa Catarina,VOTOS NULOS,183080,Nulos e Brancos 2002 Turno 1,2002,1
R. G. do Sul,VOTOS NULOS,288294,Nulos e Brancos 2002 Turno 1,2002,1
M. G. do Sul,VOTOS NULOS,58190,Nulos e Brancos 2002 Turno 1,2002,1
Mato Grosso,VOTOS NULOS,64966,Nulos e Brancos 2002 Turno 1,2002,1
Goiás,VOTOS NULOS,189953,Nulos e Brancos 2002 Turno 1,2002,1
Distrito Federal,VOTOS NULOS,56652,Nulos e Brancos 2002 Turno 1,2002,1
Rondônia,Luiz Inácio Lula da Silva PT (PCB-PL-PMN-PCdoB),283279,Presidente,2002,1
Acre,Luiz Inácio Lula da Silva PT (PCB-PL-PMN-PCdoB),123999,Presidente,2002,1
Amazonas,Luiz Inácio Lula da Silva PT (PCB-PL-PMN-PCdoB),530246,Presidente,2002,1
Roraima,Luiz Inácio Lula da Silva PT (PCB-PL-PMN-PCdoB),71952,Presidente,2002,1
Pará,Luiz Inácio Lula da Silva PT (PCB-PL-PMN-PCdoB),1070416,Presidente,2002,1
Amapá,Luiz Inácio Lula da Silva PT (PCB-PL-PMN-PCdoB),116507,Presidente,2002,1
Tocantins,Luiz Inácio Lula da Silva PT (PCB-PL-PMN-PCdoB),225291,Presidente,2002,1
Maranhão,Luiz Inácio Lula da Silva PT (PCB-PL-PMN-PCdoB),843132,Presidente,2002,1
Piauí,Luiz Inácio Lula da Silva PT (PCB-PL-PMN-PCdoB),615576,Presidente,2002,1
Ceará,Luiz Inácio Lula da Silva PT (PCB-PL-PMN-PCdoB),1353339,Presidente,2002,1
R. G. do Norte,Luiz Inácio Lula da Silva PT (PCB-PL-PMN-PCdoB),581544,Presidente,2002,1
Paraíba,Luiz Inácio Lula da Silva PT (PCB-PL-PMN-PCdoB),754329,Presidente,2002,1
Pernambuco,Luiz Inácio Lula da Silva PT (PCB-PL-PMN-PCdoB),1657476,Presidente,2002,1
Alagoas,Luiz Inácio Lula da Silva PT (PCB-PL-PMN-PCdoB),307751,Presidente,2002,1
Sergipe,Luiz Inácio Lula da Silva PT (PCB-PL-PMN-PCdoB),357557,Presidente,2002,1
Bahia,Luiz Inácio Lula da Silva PT (PCB-PL-PMN-PCdoB),2899280,Presidente,2002,1
Minas Gerais,Luiz Inácio Lula da Silva PT (PCB-PL-PMN-PCdoB),4990085,Presidente,2002,1
Espírito Santo,Luiz Inácio Lula da Silva PT (PCB-PL-PMN-PCdoB),717646,Presidente,2002,1
Rio de Janeiro,Luiz Inácio Lula da Silva PT (PCB-PL-PMN-PCdoB),3284258,Presidente,2002,1
São Paulo,Luiz Inácio Lula da Silva PT (PCB-PL-PMN-PCdoB),9106914,Presidente,2002,1
Paraná,Luiz Inácio Lula da Silva PT (PCB-PL-PMN-PCdoB),2540328,Presidente,2002,1
Santa Catarina,Luiz Inácio Lula da Silva PT (PCB-PL-PMN-PCdoB),1719739,Presidente,2002,1
R. G. do Sul,Luiz Inácio Lula da Silva PT (PCB-PL-PMN-PCdoB),2667451,Presidente,2002,1
M. G. do Sul,Luiz Inácio Lula da Silva PT (PCB-PL-PMN-PCdoB),446438,Presidente,2002,1
Mato Grosso,Luiz Inácio Lula da Silva PT (PCB-PL-PMN-PCdoB),509151,Presidente,2002,1
Goiás,Luiz Inácio Lula da Silva PT (PCB-PL-PMN-PCdoB),1069398,Presidente,2002,1
Distrito Federal,Luiz Inácio Lula da Silva PT (PCB-PL-PMN-PCdoB),592977,Presidente,2002,1
Rondônia,ABSTENÇÃO,202715,Nulos e Brancos 2006 Turno 1,2006,1
Acre,ABSTENÇÃO,78422,Nulos e Brancos 2006 Turno 1,2006,1
Amazonas,ABSTENÇÃO,316270,Nulos e Brancos 2006 Turno 1,2006,1
Roraima,ABSTENÇÃO,34357,Nulos e Brancos 2006 Turno 1,2006,1
Pará,ABSTENÇÃO,824058,Nulos e Brancos 2006 Turno 1,2006,1
Amapá,ABSTENÇÃO,51487,Nulos e Brancos 2006 Turno 1,2006,1
Tocantins,ABSTENÇÃO,160646,Nulos e Brancos 2006 Turno 1,2006,1
Maranhão,ABSTENÇÃO,817081,Nulos e Brancos 2006 Turno 1,2006,1
Piauí,ABSTENÇÃO,334856,Nulos e Brancos 2006 Turno 1,2006,1
Ceará,ABSTENÇÃO,932013,Nulos e Brancos 2006 Turno 1,2006,1
R. G. do Norte,ABSTENÇÃO,311232,Nulos e Brancos 2006 Turno 1,2006,1
Paraíba,ABSTENÇÃO,419613,Nulos e Brancos 2006 Turno 1,2006,1
Pernambuco,ABSTENÇÃO,1064542,Nulos e Brancos 2006 Turno 1,2006,1
Alagoas,ABSTENÇÃO,345737,Nulos e Brancos 2006 Turno 1,2006,1
Sergipe,ABSTENÇÃO,188227,Nulos e Brancos 2006 Turno 1,2006,1
Bahia,ABSTENÇÃO,1884249,Nulos e Brancos 2006 Turno 1,2006,1
Minas Gerais,ABSTENÇÃO,2447141,Nulos e Brancos 2006 Turno 1,2006,1
Espirito Santo,ABSTENÇÃO,393284,Nulos e Brancos 2006 Turno 1,2006,1
Rio de Janeiro ,ABSTENÇÃO,1635603,Nulos e Brancos 2006 Turno 1,2006,1
São Paulo,ABSTENÇÃO,4265672,Nulos e Brancos 2006 Turno 1,2006,1
Paraná,ABSTENÇÃO,1153861,Nulos e Brancos 2006 Turno 1,2006,1
Santa Catarina,ABSTENÇÃO,580322,Nulos e Brancos 2006 Turno 1,2006,1
R. G. do Sul,ABSTENÇÃO,1073755,Nulos e Brancos 2006 Turno 1,2006,1
M. G. do Sul,ABSTENÇÃO,272233,Nulos e Brancos 2006 Turno 1,2006,1
Mato Grosso,ABSTENÇÃO,390654,Nulos e Brancos 2006 Turno 1,2006,1
Goiás,ABSTENÇÃO,640034,Nulos e Brancos 2006 Turno 1,2006,1
Distrito Federal,ABSTENÇÃO,229750,Nulos e Brancos 2006 Turno 1,2006,1
Rondônia,VOTOS EM BRANCO,13595,Nulos e Brancos 2006 Turno 1,2006,1
Acre,VOTOS EM BRANCO,4018,Nulos e Brancos 2006 Turno 1,2006,1
Amazonas,VOTOS EM BRANCO,18792,Nulos e Brancos 2006 Turno 1,2006,1
Roraima,VOTOS EM BRANCO,2193,Nulos e Brancos 2006 Turno 1,2006,1
Pará,VOTOS EM BRANCO,53781,Nulos e Brancos 2006 Turno 1,2006,1
Amapá,VOTOS EM BRANCO,2474,Nulos e Brancos 2006 Turno 1,2006,1
Tocantins,VOTOS EM BRANCO,7603,Nulos e Brancos 2006 Turno 1,2006,1
Maranhão,VOTOS EM BRANCO,55177,Nulos e Brancos 2006 Turno 1,2006,1
Piauí,VOTOS EM BRANCO,33700,Nulos e Brancos 2006 Turno 1,2006,1
Ceará,VOTOS EM BRANCO,93891,Nulos e Brancos 2006 Turno 1,2006,1
R. G. do Norte,VOTOS EM BRANCO,49368,Nulos e Brancos 2006 Turno 1,2006,1
Paraíba,VOTOS EM BRANCO,57181,Nulos e Brancos 2006 Turno 1,2006,1
Pernambuco,VOTOS EM BRANCO,178589,Nulos e Brancos 2006 Turno 1,2006,1
Alagoas,VOTOS EM BRANCO,48020,Nulos e Brancos 2006 Turno 1,2006,1
Sergipe,VOTOS EM BRANCO,28229,Nulos e Brancos 2006 Turno 1,2006,1
Bahia,VOTOS EM BRANCO,201151,Nulos e Brancos 2006 Turno 1,2006,1
Minas Gerais,VOTOS EM BRANCO,384798,Nulos e Brancos 2006 Turno 1,2006,1
Espirito Santo,VOTOS EM BRANCO,51476,Nulos e Brancos 2006 Turno 1,2006,1
Rio de Janeiro ,VOTOS EM BRANCO,292369,Nulos e Brancos 2006 Turno 1,2006,1
São Paulo,VOTOS EM BRANCO,709170,Nulos e Brancos 2006 Turno 1,2006,1
Paraná,VOTOS EM BRANCO,145476,Nulos e Brancos 2006 Turno 1,2006,1
Santa Catarina,VOTOS EM BRANCO,85003,Nulos e Brancos 2006 Turno 1,2006,1
R. G. do Sul,VOTOS EM BRANCO,214245,Nulos e Brancos 2006 Turno 1,2006,1
M. G. do Sul,VOTOS EM BRANCO,17422,Nulos e Brancos 2006 Turno 1,2006,1
Mato Grosso,VOTOS EM BRANCO,28575,Nulos e Brancos 2006 Turno 1,2006,1
Goiás,VOTOS EM BRANCO,67409,Nulos e Brancos 2006 Turno 1,2006,1
Distrito Federal,VOTOS EM BRANCO,21237,Nulos e Brancos 2006 Turno 1,2006,1
Rondônia,VOTOS NULOS,40901,Nulos e Brancos 2006 Turno 1,2006,1
Acre,VOTOS NULOS,17794,Nulos e Brancos 2006 Turno 1,2006,1
Amazonas,VOTOS NULOS,74676,Nulos e Brancos 2006 Turno 1,2006,1
Roraima,VOTOS NULOS,8024,Nulos e Brancos 2006 Turno 1,2006,1
Pará,VOTOS NULOS,129220,Nulos e Brancos 2006 Turno 1,2006,1
Amapá,VOTOS NULOS,11274,Nulos e Brancos 2006 Turno 1,2006,1
Tocantins,VOTOS NULOS,45551,Nulos e Brancos 2006 Turno 1,2006,1
Maranhão,VOTOS NULOS,229752,Nulos e Brancos 2006 Turno 1,2006,1
Piauí,VOTOS NULOS,135995,Nulos e Brancos 2006 Turno 1,2006,1
Ceará,VOTOS NULOS,330179,Nulos e Brancos 2006 Turno 1,2006,1
R. G. do Norte,VOTOS NULOS,156999,Nulos e Brancos 2006 Turno 1,2006,1
Paraíba,VOTOS NULOS,170318,Nulos e Brancos 2006 Turno 1,2006,1
Pernambuco,VOTOS NULOS,371037,Nulos e Brancos 2006 Turno 1,2006,1
Alagoas,VOTOS NULOS,125015,Nulos e Brancos 2006 Turno 1,2006,1
Sergipe,VOTOS NULOS,76864,Nulos e Brancos 2006 Turno 1,2006,1
Bahia,VOTOS NULOS,582896,Nulos e Brancos 2006 Turno 1,2006,1
Minas Gerais,VOTOS NULOS,627226,Nulos e Brancos 2006 Turno 1,2006,1
Espirito Santo,VOTOS NULOS,90979,Nulos e Brancos 2006 Turno 1,2006,1
Rio de Janeiro ,VOTOS NULOS,640788,Nulos e Brancos 2006 Turno 1,2006,1
São Paulo,VOTOS NULOS,1053371,Nulos e Brancos 2006 Turno 1,2006,1
Paraná,VOTOS NULOS,250502,Nulos e Brancos 2006 Turno 1,2006,1
Santa Catarina,VOTOS NULOS,165548,Nulos e Brancos 2006 Turno 1,2006,1
R. G. do Sul,VOTOS NULOS,255842,Nulos e Brancos 2006 Turno 1,2006,1
M. G. do Sul,VOTOS NULOS,49064,Nulos e Brancos 2006 Turno 1,2006,1
Mato Grosso,VOTOS NULOS,79405,Nulos e Brancos 2006 Turno 1,2006,1
Goiás,VOTOS NULOS,180681,Nulos e Brancos 2006 Turno 1,2006,1
Distrito Federal,VOTOS NULOS,56258,Nulos e Brancos 2006 Turno 1,2006,1
Rondônia, Luiz Inácio Lula da Silva PT (PRB-PCdoB),329598,Presidente,2006,1
Acre, Luiz Inácio Lula da Silva PT (PRB-PCdoB),133221,Presidente,2006,1
Amazonas, Luiz Inácio Lula da Silva PT (PRB-PCdoB),1070656,Presidente,2006,1
Roraima, Luiz Inácio Lula da Silva PT (PRB-PCdoB),49433,Presidente,2006,1
Pará, Luiz Inácio Lula da Silva PT (PRB-PCdoB),1631569,Presidente,2006,1
Amapá, Luiz Inácio Lula da Silva PT (PRB-PCdoB),160675,Presidente,2006,1
Tocantins, Luiz Inácio Lula da Silva PT (PRB-PCdoB),392151,Presidente,2006,1
Maranhão, Luiz Inácio Lula da Silva PT (PRB-PCdoB),2128103,Presidente,2006,1
Piauí, Luiz Inácio Lula da Silva PT (PRB-PCdoB),1055600,Presidente,2006,1
Ceará, Luiz Inácio Lula da Silva PT (PRB-PCdoB),2852895,Presidente,2006,1
R. G. do Norte, Luiz Inácio Lula da Silva PT (PRB-PCdoB),952796,Presidente,2006,1
Paraíba, Luiz Inácio Lula da Silva PT (PRB-PCdoB),1258341,Presidente,2006,1
Pernambuco, Luiz Inácio Lula da Silva PT (PRB-PCdoB),2993618,Presidente,2006,1
Alagoas, Luiz Inácio Lula da Silva PT (PRB-PCdoB),625162,Presidente,2006,1
Sergipe, Luiz Inácio Lula da Silva PT (PRB-PCdoB),476399,Presidente,2006,1
Bahia, Luiz Inácio Lula da Silva PT (PRB-PCdoB),4293200,Presidente,2006,1
Minas Gerais, Luiz Inácio Lula da Silva PT (PRB-PCdoB),5192439,Presidente,2006,1
Espírito Santo, Luiz Inácio Lula da Silva PT (PRB-PCdoB),953609,Presidente,2006,1
Rio de Janeiro, Luiz Inácio Lula da Silva PT (PRB-PCdoB),4092648,Presidente,2006,1
São Paulo, Luiz Inácio Lula da Silva PT (PRB-PCdoB),8091867,Presidente,2006,1
Paraná, Luiz Inácio Lula da Silva PT (PRB-PCdoB),2111589,Presidente,2006,1
Santa Catarina, Luiz Inácio Lula da Silva PT (PRB-PCdoB),1108851,Presidente,2006,1
R. G. do Sul, Luiz Inácio Lula da Silva PT (PRB-PCdoB),2052656,Presidente,2006,1
M. G. do Sul, Luiz Inácio Lula da Silva PT (PRB-PCdoB),439965,Presidente,2006,1
Mato Grosso, Luiz Inácio Lula da Silva PT (PRB-PCdoB),557244,Presidente,2006,1
Goiás, Luiz Inácio Lula da Silva PT (PRB-PCdoB),1143122,Presidente,2006,1
Distrito Federal, Luiz Inácio Lula da Silva PT (PRB-PCdoB),499407,Presidente,2006,1
Rondônia,ABSTENÇÃO,231997,Nulos e Brancos 2010 Turno 1,2010,1
Acre,ABSTENÇÃO,106975,Nulos e Brancos 2010 Turno 1,2010,1
Amazonas,ABSTENÇÃO,406174,Nulos e Brancos 2010 Turno 1,2010,1
Roraima,ABSTENÇÃO,37980,Nulos e Brancos 2010 Turno 1,2010,1
Pará,ABSTENÇÃO,1008763,Nulos e Brancos 2010 Turno 1,2010,1
Amapá,ABSTENÇÃO,62539,Nulos e Brancos 2010 Turno 1,2010,1
Tocantins,ABSTENÇÃO,175262,Nulos e Brancos 2010 Turno 1,2010,1
Maranhão,ABSTENÇÃO,1035648,Nulos e Brancos 2010 Turno 1,2010,1
Piauí,ABSTENÇÃO,448538,Nulos e Brancos 2010 Turno 1,2010,1
Ceará,ABSTENÇÃO,1178631,Nulos e Brancos 2010 Turno 1,2010,1
R. G. do Norte,ABSTENÇÃO,367434,Nulos e Brancos 2010 Turno 1,2010,1
Paraíba,ABSTENÇÃO,506052,Nulos e Brancos 2010 Turno 1,2010,1
Pernambuco,ABSTENÇÃO,1214277,Nulos e Brancos 2010 Turno 1,2010,1
Alagoas,ABSTENÇÃO,449639,Nulos e Brancos 2010 Turno 1,2010,1
Sergipe,ABSTENÇÃO,240465,Nulos e Brancos 2010 Turno 1,2010,1
Bahia,ABSTENÇÃO,2057633,Nulos e Brancos 2010 Turno 1,2010,1
Minas Gerais,ABSTENÇÃO,2675492,Nulos e Brancos 2010 Turno 1,2010,1
Espirito Santo,ABSTENÇÃO,438946,Nulos e Brancos 2010 Turno 1,2010,1
Rio de Janeiro ,ABSTENÇÃO,2011597,Nulos e Brancos 2010 Turno 1,2010,1
São Paulo,ABSTENÇÃO,4979456,Nulos e Brancos 2010 Turno 1,2010,1
Paraná,ABSTENÇÃO,1250376,Nulos e Brancos 2010 Turno 1,2010,1
Santa Catarina,ABSTENÇÃO,636654,Nulos e Brancos 2010 Turno 1,2010,1
R. G. do Sul,ABSTENÇÃO,1204648,Nulos e Brancos 2010 Turno 1,2010,1
M. G. do Sul,ABSTENÇÃO,308448,Nulos e Brancos 2010 Turno 1,2010,1
Mato Grosso,ABSTENÇÃO,438820,Nulos e Brancos 2010 Turno 1,2010,1
Goiás,ABSTENÇÃO,729276,Nulos e Brancos 2010 Turno 1,2010,1
Distrito Federal,ABSTENÇÃO,283177,Nulos e Brancos 2010 Turno 1,2010,1
Rondônia,VOTOS EM BRANCO,16533,Nulos e Brancos 2010 Turno 1,2010,1
Acre,VOTOS EM BRANCO,3818,Nulos e Brancos 2010 Turno 1,2010,1
Amazonas,VOTOS EM BRANCO,21312,Nulos e Brancos 2010 Turno 1,2010,1
Roraima,VOTOS EM BRANCO,2725,Nulos e Brancos 2010 Turno 1,2010,1
Pará,VOTOS EM BRANCO,66727,Nulos e Brancos 2010 Turno 1,2010,1
Amapá,VOTOS EM BRANCO,3630,Nulos e Brancos 2010 Turno 1,2010,1
Tocantins,VOTOS EM BRANCO,9951,Nulos e Brancos 2010 Turno 1,2010,1
Maranhão,VOTOS EM BRANCO,67827,Nulos e Brancos 2010 Turno 1,2010,1
Piauí,VOTOS EM BRANCO,36380,Nulos e Brancos 2010 Turno 1,2010,1
Ceará,VOTOS EM BRANCO,140365,Nulos e Brancos 2010 Turno 1,2010,1
R. G. do Norte,VOTOS EM BRANCO,75552,Nulos e Brancos 2010 Turno 1,2010,1
Paraíba,VOTOS EM BRANCO,80528,Nulos e Brancos 2010 Turno 1,2010,1
Pernambuco,VOTOS EM BRANCO,204176,Nulos e Brancos 2010 Turno 1,2010,1
Alagoas,VOTOS EM BRANCO,57821,Nulos e Brancos 2010 Turno 1,2010,1
Sergipe,VOTOS EM BRANCO,43054,Nulos e Brancos 2010 Turno 1,2010,1
Bahia,VOTOS EM BRANCO,221801,Nulos e Brancos 2010 Turno 1,2010,1
Minas Gerais,VOTOS EM BRANCO,418468,Nulos e Brancos 2010 Turno 1,2010,1
Espirito Santo,VOTOS EM BRANCO,62569,Nulos e Brancos 2010 Turno 1,2010,1
Rio de Janeiro ,VOTOS EM BRANCO,368193,Nulos e Brancos 2010 Turno 1,2010,1
São Paulo,VOTOS EM BRANCO,856433,Nulos e Brancos 2010 Turno 1,2010,1
Paraná,VOTOS EM BRANCO,163486,Nulos e Brancos 2010 Turno 1,2010,1
Santa Catarina,VOTOS EM BRANCO,110605,Nulos e Brancos 2010 Turno 1,2010,1
R. G. do Sul,VOTOS EM BRANCO,266304,Nulos e Brancos 2010 Turno 1,2010,1
M. G. do Sul,VOTOS EM BRANCO,26786,Nulos e Brancos 2010 Turno 1,2010,1
Mato Grosso,VOTOS EM BRANCO,32728,Nulos e Brancos 2010 Turno 1,2010,1
Goiás,VOTOS EM BRANCO,84858,Nulos e Brancos 2010 Turno 1,2010,1
Distrito Federal,VOTOS EM BRANCO,33674,Nulos e Brancos 2010 Turno 1,2010,1
Rondônia,VOTOS NULOS,40154,Nulos e Brancos 2010 Turno 1,2010,1
Acre,VOTOS NULOS,13931,Nulos e Brancos 2010 Turno 1,2010,1
Amazonas,VOTOS NULOS,75462,Nulos e Brancos 2010 Turno 1,2010,1
Roraima,VOTOS NULOS,8270,Nulos e Brancos 2010 Turno 1,2010,1
Pará,VOTOS NULOS,141361,Nulos e Brancos 2010 Turno 1,2010,1
Amapá,VOTOS NULOS,13422,Nulos e Brancos 2010 Turno 1,2010,1
Tocantins,VOTOS NULOS,51829,Nulos e Brancos 2010 Turno 1,2010,1
Maranhão,VOTOS NULOS,273494,Nulos e Brancos 2010 Turno 1,2010,1
Piauí,VOTOS NULOS,154903,Nulos e Brancos 2010 Turno 1,2010,1
Ceará,VOTOS NULOS,360559,Nulos e Brancos 2010 Turno 1,2010,1
R. G. do Norte,VOTOS NULOS,166966,Nulos e Brancos 2010 Turno 1,2010,1
Paraíba,VOTOS NULOS,213747,Nulos e Brancos 2010 Turno 1,2010,1
Pernambuco,VOTOS NULOS,385828,Nulos e Brancos 2010 Turno 1,2010,1
Alagoas,VOTOS NULOS,131944,Nulos e Brancos 2010 Turno 1,2010,1
Sergipe,VOTOS NULOS,78561,Nulos e Brancos 2010 Turno 1,2010,1
Bahia,VOTOS NULOS,577033,Nulos e Brancos 2010 Turno 1,2010,1
Minas Gerais,VOTOS NULOS,634386,Nulos e Brancos 2010 Turno 1,2010,1
Espirito Santo,VOTOS NULOS,94585,Nulos e Brancos 2010 Turno 1,2010,1
Rio de Janeiro ,VOTOS NULOS,659218,Nulos e Brancos 2010 Turno 1,2010,1
São Paulo,VOTOS NULOS,1027535,Nulos e Brancos 2010 Turno 1,2010,1
Paraná,VOTOS NULOS,249136,Nulos e Brancos 2010 Turno 1,2010,1
Santa Catarina,VOTOS NULOS,166330,Nulos e Brancos 2010 Turno 1,2010,1
R. G. do Sul,VOTOS NULOS,230837,Nulos e Brancos 2010 Turno 1,2010,1
M. G. do Sul,VOTOS NULOS,63829,Nulos e Brancos 2010 Turno 1,2010,1
Mato Grosso,VOTOS NULOS,85891,Nulos e Brancos 2010 Turno 1,2010,1
Goiás,VOTOS NULOS,161985,Nulos e Brancos 2010 Turno 1,2010,1
Distrito Federal,VOTOS NULOS,60032,Nulos e Brancos 2010 Turno 1,2010,1
Rondônia,Dilma Rousseff (PT),321712,Presidente,2010,1
Acre,Dilma Rousseff (PT),82733,Presidente,2010,1
Amazonas,Dilma Rousseff (PT),991128,Presidente,2010,1
Roraima,Dilma Rousseff (PT),63927,Presidente,2010,1
Pará,Dilma Rousseff (PT),1699799,Presidente,2010,1
Amapá,Dilma Rousseff (PT),161443,Presidente,2010,1
Tocantins,Dilma Rousseff (PT),362383,Presidente,2010,1
Maranhão,Dilma Rousseff (PT),2079650,Presidente,2010,1
Piauí,Dilma Rousseff (PT),1088205,Presidente,2010,1
Ceará,Dilma Rousseff (PT),2783451,Presidente,2010,1
R. G. do Norte,Dilma Rousseff (PT),846416,Presidente,2010,1
Paraíba,Dilma Rousseff (PT),1031185,Presidente,2010,1
Pernambuco,Dilma Rousseff (PT),2748751,Presidente,2010,1
Alagoas,Dilma Rousseff (PT),709844,Presidente,2010,1
Sergipe,Dilma Rousseff (PT),506802,Presidente,2010,1
Bahia,Dilma Rousseff (PT),4188099,Presidente,2010,1
Minas Gerais,Dilma Rousseff (PT),5067399,Presidente,2010,1
Espírito Santo,Dilma Rousseff (PT),717417,Presidente,2010,1
Rio de Janeiro,Dilma Rousseff (PT),3739632,Presidente,2010,1
São Paulo,Dilma Rousseff (PT),8740949,Presidente,2010,1
Paraná,Dilma Rousseff (PT),2311239,Presidente,2010,1
Santa Catarina,Dilma Rousseff (PT),1402566,Presidente,2010,1
R. G. do Sul,Dilma Rousseff (PT),3007263,Presidente,2010,1
M. G. do Sul,Dilma Rousseff (PT),518877,Presidente,2010,1
Mato Grosso,Dilma Rousseff (PT),659771,Presidente,2010,1
Goiás,Dilma Rousseff (PT),1301985,Presidente,2010,1
Distrito Federal,Dilma Rousseff (PT),462441,Presidente,2010,1
Rondônia,ABSTENÇÃO,240573,Nulos e Brancos 2014 Turno 1,2014,1
Acre,ABSTENÇÃO,87748,Nulos e Brancos 2014 Turno 1,2014,1
Amazonas,ABSTENÇÃO,433813,Nulos e Brancos 2014 Turno 1,2014,1
Roraima,ABSTENÇÃO,37217,Nulos e Brancos 2014 Turno 1,2014,1
Pará,ABSTENÇÃO,1094107,Nulos e Brancos 2014 Turno 1,2014,1
Amapá,ABSTENÇÃO,47522,Nulos e Brancos 2014 Turno 1,2014,1
Tocantins,ABSTENÇÃO,195295,Nulos e Brancos 2014 Turno 1,2014,1
Maranhão,ABSTENÇÃO,1062192,Nulos e Brancos 2014 Turno 1,2014,1
Piauí,ABSTENÇÃO,443062,Nulos e Brancos 2014 Turno 1,2014,1
Ceará,ABSTENÇÃO,1261344,Nulos e Brancos 2014 Turno 1,2014,1
R. G. do Norte,ABSTENÇÃO,391478,Nulos e Brancos 2014 Turno 1,2014,1
Paraíba,ABSTENÇÃO,500260,Nulos e Brancos 2014 Turno 1,2014,1
Pernambuco,ABSTENÇÃO,1049479,Nulos e Brancos 2014 Turno 1,2014,1
Alagoas,ABSTENÇÃO,382657,Nulos e Brancos 2014 Turno 1,2014,1
Sergipe,ABSTENÇÃO,213706,Nulos e Brancos 2014 Turno 1,2014,1
Bahia,ABSTENÇÃO,2360558,Nulos e Brancos 2014 Turno 1,2014,1
Minas Gerais,ABSTENÇÃO,3050396,Nulos e Brancos 2014 Turno 1,2014,1
Espirito Santo,ABSTENÇÃO,501374,Nulos e Brancos 2014 Turno 1,2014,1
Rio de Janeiro ,ABSTENÇÃO,2440581,Nulos e Brancos 2014 Turno 1,2014,1
São Paulo,ABSTENÇÃO,6242936,Nulos e Brancos 2014 Turno 1,2014,1
Paraná,ABSTENÇÃO,1324920,Nulos e Brancos 2014 Turno 1,2014,1
Santa Catarina,ABSTENÇÃO,796820,Nulos e Brancos 2014 Turno 1,2014,1
R. G. do Sul,ABSTENÇÃO,1408386,Nulos e Brancos 2014 Turno 1,2014,1
M. G. do Sul,ABSTENÇÃO,373191,Nulos e Brancos 2014 Turno 1,2014,1
Mato Grosso,ABSTENÇÃO,501407,Nulos e Brancos 2014 Turno 1,2014,1
Goiás,ABSTENÇÃO,815396,Nulos e Brancos 2014 Turno 1,2014,1
Distrito Federal,ABSTENÇÃO,221189,Nulos e Brancos 2014 Turno 1,2014,1
Rondônia,VOTOS EM BRANCO,20624,Nulos e Brancos 2014 Turno 1,2014,1
Acre,VOTOS EM BRANCO,4343,Nulos e Brancos 2014 Turno 1,2014,1
Amazonas,VOTOS EM BRANCO,36064,Nulos e Brancos 2014 Turno 1,2014,1
Roraima,VOTOS EM BRANCO,3749,Nulos e Brancos 2014 Turno 1,2014,1
Pará,VOTOS EM BRANCO,84927,Nulos e Brancos 2014 Turno 1,2014,1
Amapá,VOTOS EM BRANCO,5042,Nulos e Brancos 2014 Turno 1,2014,1
Tocantins,VOTOS EM BRANCO,14279,Nulos e Brancos 2014 Turno 1,2014,1
Maranhão,VOTOS EM BRANCO,76761,Nulos e Brancos 2014 Turno 1,2014,1
Piauí,VOTOS EM BRANCO,37303,Nulos e Brancos 2014 Turno 1,2014,1
Ceará,VOTOS EM BRANCO,158501,Nulos e Brancos 2014 Turno 1,2014,1
R. G. do Norte,VOTOS EM BRANCO,84976,Nulos e Brancos 2014 Turno 1,2014,1
Paraíba,VOTOS EM BRANCO,95337,Nulos e Brancos 2014 Turno 1,2014,1
Pernambuco,VOTOS EM BRANCO,219837,Nulos e Brancos 2014 Turno 1,2014,1
Alagoas,VOTOS EM BRANCO,71609,Nulos e Brancos 2014 Turno 1,2014,1
Sergipe,VOTOS EM BRANCO,54099,Nulos e Brancos 2014 Turno 1,2014,1
Bahia,VOTOS EM BRANCO,252749,Nulos e Brancos 2014 Turno 1,2014,1
Minas Gerais,VOTOS EM BRANCO,467144,Nulos e Brancos 2014 Turno 1,2014,1
Espirito Santo,VOTOS EM BRANCO,81546,Nulos e Brancos 2014 Turno 1,2014,1
Rio de Janeiro ,VOTOS EM BRANCO,466867,Nulos e Brancos 2014 Turno 1,2014,1
São Paulo,VOTOS EM BRANCO,1252960,Nulos e Brancos 2014 Turno 1,2014,1
Paraná,VOTOS EM BRANCO,221614,Nulos e Brancos 2014 Turno 1,2014,1
Santa Catarina,VOTOS EM BRANCO,150765,Nulos e Brancos 2014 Turno 1,2014,1
R. G. do Sul,VOTOS EM BRANCO,313623,Nulos e Brancos 2014 Turno 1,2014,1
M. G. do Sul,VOTOS EM BRANCO,40124,Nulos e Brancos 2014 Turno 1,2014,1
Mato Grosso,VOTOS EM BRANCO,45578,Nulos e Brancos 2014 Turno 1,2014,1
Goiás,VOTOS EM BRANCO,116419,Nulos e Brancos 2014 Turno 1,2014,1
Distrito Federal,VOTOS EM BRANCO,38439,Nulos e Brancos 2014 Turno 1,2014,1
Rondônia,VOTOS NULOS,37623,Nulos e Brancos 2014 Turno 1,2014,1
Acre,VOTOS NULOS,15538,Nulos e Brancos 2014 Turno 1,2014,1
Amazonas,VOTOS NULOS,77898,Nulos e Brancos 2014 Turno 1,2014,1
Roraima,VOTOS NULOS,8855,Nulos e Brancos 2014 Turno 1,2014,1
Pará,VOTOS NULOS,169242,Nulos e Brancos 2014 Turno 1,2014,1
Amapá,VOTOS NULOS,13466,Nulos e Brancos 2014 Turno 1,2014,1
Tocantins,VOTOS NULOS,53545,Nulos e Brancos 2014 Turno 1,2014,1
Maranhão,VOTOS NULOS,211982,Nulos e Brancos 2014 Turno 1,2014,1
Piauí,VOTOS NULOS,114729,Nulos e Brancos 2014 Turno 1,2014,1
Ceará,VOTOS NULOS,328832,Nulos e Brancos 2014 Turno 1,2014,1
R. G. do Norte,VOTOS NULOS,186059,Nulos e Brancos 2014 Turno 1,2014,1
Paraíba,VOTOS NULOS,141373,Nulos e Brancos 2014 Turno 1,2014,1
Pernambuco,VOTOS NULOS,275579,Nulos e Brancos 2014 Turno 1,2014,1
Alagoas,VOTOS NULOS,131934,Nulos e Brancos 2014 Turno 1,2014,1
Sergipe,VOTOS NULOS,90576,Nulos e Brancos 2014 Turno 1,2014,1
Bahia,VOTOS NULOS,580188,Nulos e Brancos 2014 Turno 1,2014,1
Minas Gerais,VOTOS NULOS,612155,Nulos e Brancos 2014 Turno 1,2014,1
Espirito Santo,VOTOS NULOS,95482,Nulos e Brancos 2014 Turno 1,2014,1
Rio de Janeiro ,VOTOS NULOS,886867,Nulos e Brancos 2014 Turno 1,2014,1
São Paulo,VOTOS NULOS,1525311,Nulos e Brancos 2014 Turno 1,2014,1
Paraná,VOTOS NULOS,252325,Nulos e Brancos 2014 Turno 1,2014,1
Santa Catarina,VOTOS NULOS,200227,Nulos e Brancos 2014 Turno 1,2014,1
R. G. do Sul,VOTOS NULOS,295836,Nulos e Brancos 2014 Turno 1,2014,1
M. G. do Sul,VOTOS NULOS,52791,Nulos e Brancos 2014 Turno 1,2014,1
Mato Grosso,VOTOS NULOS,82511,Nulos e Brancos 2014 Turno 1,2014,1
Goiás,VOTOS NULOS,171467,Nulos e Brancos 2014 Turno 1,2014,1
Distrito Federal,VOTOS NULOS,61555,Nulos e Brancos 2014 Turno 1,2014,1
Rondônia,Dilma Rousseff PT (PT / PMDB / PSD / PP / PR / PROS / PDT / PC do B / PRB),345167,Presidente,2014,1
Acre,Dilma Rousseff PT (PT / PMDB / PSD / PP / PR / PROS / PDT / PC do B / PRB),111610,Presidente,2014,1
Amazonas,Dilma Rousseff PT (PT / PMDB / PSD / PP / PR / PROS / PDT / PC do B / PRB),915030,Presidente,2014,1
Roraima,Dilma Rousseff PT (PT / PMDB / PSD / PP / PR / PROS / PDT / PC do B / PRB),82857,Presidente,2014,1
Pará,Dilma Rousseff PT (PT / PMDB / PSD / PP / PR / PROS / PDT / PC do B / PRB),2040696,Presidente,2014,1
Amapá,Dilma Rousseff PT (PT / PMDB / PSD / PP / PR / PROS / PDT / PC do B / PRB),198939,Presidente,2014,1
Tocantins,Dilma Rousseff PT (PT / PMDB / PSD / PP / PR / PROS / PDT / PC do B / PRB),368348,Presidente,2014,1
Maranhão,Dilma Rousseff PT (PT / PMDB / PSD / PP / PR / PROS / PDT / PC do B / PRB),2187668,Presidente,2014,1
Piauí,Dilma Rousseff PT (PT / PMDB / PSD / PP / PR / PROS / PDT / PC do B / PRB),1235203,Presidente,2014,1
Ceará,Dilma Rousseff PT (PT / PMDB / PSD / PP / PR / PROS / PDT / PC do B / PRB),3087115,Presidente,2014,1
R. G. do Norte,Dilma Rousseff PT (PT / PMDB / PSD / PP / PR / PROS / PDT / PC do B / PRB),999452,Presidente,2014,1
Paraíba,Dilma Rousseff PT (PT / PMDB / PSD / PP / PR / PROS / PDT / PC do B / PRB),1166632,Presidente,2014,1
Pernambuco,Dilma Rousseff PT (PT / PMDB / PSD / PP / PR / PROS / PDT / PC do B / PRB),2126491,Presidente,2014,1
Alagoas,Dilma Rousseff PT (PT / PMDB / PSD / PP / PR / PROS / PDT / PC do B / PRB),703674,Presidente,2014,1
Sergipe,Dilma Rousseff PT (PT / PMDB / PSD / PP / PR / PROS / PDT / PC do B / PRB),601578,Presidente,2014,1
Bahia,Dilma Rousseff PT (PT / PMDB / PSD / PP / PR / PROS / PDT / PC do B / PRB),4292325,Presidente,2014,1
Minas Gerais,Dilma Rousseff PT (PT / PMDB / PSD / PP / PR / PROS / PDT / PC do B / PRB),4829513,Presidente,2014,1
Espírito Santo,Dilma Rousseff PT (PT / PMDB / PSD / PP / PR / PROS / PDT / PC do B / PRB),653469,Presidente,2014,1
Rio de Janeiro,Dilma Rousseff PT (PT / PMDB / PSD / PP / PR / PROS / PDT / PC do B / PRB),2970486,Presidente,2014,1
São Paulo,Dilma Rousseff PT (PT / PMDB / PSD / PP / PR / PROS / PDT / PC do B / PRB),5927503,Presidente,2014,1
Paraná,Dilma Rousseff PT (PT / PMDB / PSD / PP / PR / PROS / PDT / PC do B / PRB),1972761,Presidente,2014,1
Santa Catarina,Dilma Rousseff PT (PT / PMDB / PSD / PP / PR / PROS / PDT / PC do B / PRB),1140432,Presidente,2014,1
R. G. do Sul,Dilma Rousseff PT (PT / PMDB / PSD / PP / PR / PROS / PDT / PC do B / PRB),2751098,Presidente,2014,1
M. G. do Sul,Dilma Rousseff PT (PT / PMDB / PSD / PP / PR / PROS / PDT / PC do B / PRB),506951,Presidente,2014,1
Mato Grosso,Dilma Rousseff PT (PT / PMDB / PSD / PP / PR / PROS / PDT / PC do B / PRB),616265,Presidente,2014,1
Goiás,Dilma Rousseff PT (PT / PMDB / PSD / PP / PR / PROS / PDT / PC do B / PRB),1035673,Presidente,2014,1
Distrito Federal,Dilma Rousseff PT (PT / PMDB / PSD / PP / PR / PROS / PDT / PC do B / PRB),362511,Presidente,2014,1
